{
    "best_params": {
        "gamma": "scale",
        "kernel": "rbf",
        "nu": 0.05
    },
    "test_classification_report": {
        "0.0": {
            "precision": 0.017891796088798102,
            "recall": 0.8988831874434048,
            "f1-score": 0.035085238987264226,
            "support": 3313.0
        },
        "1.0": {
            "precision": 0.9990827772955894,
            "recall": 0.6906172816140358,
            "f1-score": 0.8166938601026412,
            "support": 528365.0
        },
        "accuracy": 0.6919150312783301,
        "macro avg": {
            "precision": 0.5084872866921938,
            "recall": 0.7947502345287203,
            "f1-score": 0.42588954954495273,
            "support": 531678.0
        },
        "weighted avg": {
            "precision": 0.9929687652041767,
            "recall": 0.6919150312783301,
            "f1-score": 0.8118234886339041,
            "support": 531678.0
        }
    },
    "test_confusion_matrix": [
        [
            2978,
            335
        ],
        [
            163467,
            364898
        ]
    ]
}